Feature,Importance
total_distance,0.38023667509221315
average_speed,0.1990371881132376
area_explored,0.14010027981615605
threshold,0.1025931773127353
variance_speed,0.09674193791700836
active_time_ratio,0.04738928837821857
movement_frequency,0.03390145337043083
