Feature,Importance
total_distance,0.5069934450733767
average_speed,0.19658984840568672
variance_speed,0.08884669580470733
threshold,0.08180206601928904
area_explored,0.06612760650016128
movement_frequency,0.03244704107854919
active_time_ratio,0.027193297118229775
